product_title,refund_eur
Smart speaker,1411.4574880382
Webcam,1263.5084413895
Power bank,957.7077037674
Wireless headphones,908.732675198
USB-C cable,829.8719968397
65W charger,813.7936204168
Basic T-shirt,629.7799713341
Fitness band,608.0980743503
Desk lamp,521.0064017396
Linen scarf,518.4473084066
Wool socks,510.5850279411
Yoga mat,494.4316026744
Set of wine glasses,483.4012316671
Windbreaker,436.6210461861
Straight-leg jeans,428.3932780698
Skipping rope,419.2040095612
Terry towel,394.7162306528
Set of resistance bands,386.9753031143
2 kg dumbbells,380.3277841835
Cast-iron pan,376.5291178801
Spice organiser,315.6593971994
Ceramic vase,311.4411114358
Oversized hoodie,270.9233680623
Face serum,263.8148184549
Water bottle,250.5497381854
Running backpack,210.2515622812
Wool blanket,204.1365094253
Wooden train,196.7553456444
Body oil,182.1031171507
Book with stickers,176.3709659275
Solid shampoo,176.2483125043
500-piece puzzle,156.4073977733
Hand cream,135.5747360352
Set of paints,134.480019353
Plush bear,117.584918324
Lip balm,83.9301507583
Handmade soap,61.7988650966
Building blocks,51.3213529779
