shop_id,orders,seller_cancels,cancel_pct
M0040,3,1,33.33
M0058,3,1,33.33
M0181,12,2,16.67
M0180,7,1,14.29
M0045,279,33,11.83
M0015,425,50,11.76
M0051,361,38,10.53
M0189,10,1,10
M0132,201,20,9.95
M0139,518,51,9.85
M0067,31,3,9.68
M0094,11,1,9.09
M0183,11,1,9.09
M0020,23,2,8.7
M0177,12,1,8.33
M0028,194,16,8.25
M0068,102,8,7.84
M0134,252,19,7.54
M0029,14,1,7.14
M0024,62,4,6.45
M0081,31,2,6.45
M0072,32,2,6.25
M0007,242,15,6.2
M0071,35,2,5.71
M0044,19,1,5.26
M0092,76,4,5.26
M0070,96,5,5.21
M0021,59,3,5.08
M0001,62,3,4.84
M0030,62,3,4.84
M0062,63,3,4.76
M0145,42,2,4.76
M0146,129,6,4.65
M0077,22,1,4.55
M0135,22,1,4.55
M0095,45,2,4.44
M0084,23,1,4.35
M0085,46,2,4.35
M0157,23,1,4.35
M0087,49,2,4.08
M0050,76,3,3.95
M0065,53,2,3.77
M0069,293,11,3.75
M0027,27,1,3.7
M0113,27,1,3.7
M0114,55,2,3.64
M0034,57,2,3.51
M0074,172,6,3.49
M0082,29,1,3.45
M0016,118,4,3.39
