shop_id,due_orders,late_orders,late_pct
M0134,216,81,37.5
M0170,3,1,33.33
M0173,3,1,33.33
M0015,344,110,31.98
M0028,160,51,31.88
M0139,430,136,31.63
M0007,206,64,31.07
M0051,296,86,29.05
M0045,226,64,28.32
M0142,4,1,25
M0009,17,4,23.53
M0113,23,5,21.74
M0132,161,35,21.74
M0178,10,2,20
M0141,11,2,18.18
M0156,11,2,18.18
M0103,6,1,16.67
M0061,20,3,15
M0135,20,3,15
M0046,27,4,14.81
M0116,7,1,14.29
M0119,7,1,14.29
M0155,7,1,14.29
M0167,7,1,14.29
M0104,86,12,13.95
M0038,31,4,12.9
M0148,133,17,12.78
M0184,8,1,12.5
M0059,41,5,12.2
M0120,42,5,11.9
M0066,17,2,11.76
M0001,54,6,11.11
M0125,54,6,11.11
M0163,9,1,11.11
M0177,9,1,11.11
M0111,93,10,10.75
M0159,134,14,10.45
M0034,49,5,10.2
M0122,49,5,10.2
M0090,80,8,10
M0114,50,5,10
M0097,41,4,9.76
M0121,113,11,9.73
M0140,52,5,9.62
M0157,21,2,9.52
M0071,32,3,9.38
M0021,54,5,9.26
M0027,22,2,9.09
M0085,44,4,9.09
M0091,33,3,9.09
