shop_id,orders,cancel_pct,late_pct
M0045,279,11.8279569892,28.3185840708
M0015,425,11.7647058824,31.976744186
M0051,361,10.5263157895,29.0540540541
M0132,201,9.9502487562,21.7391304348
M0139,518,9.8455598456,31.6279069767
M0067,31,9.6774193548,7.6923076923
M0028,194,8.2474226804,31.875
M0068,102,7.8431372549,7.5
M0134,252,7.5396825397,37.5
M0024,62,6.4516129032,7.1428571429
M0081,31,6.4516129032,0
M0072,32,6.25,0
M0007,242,6.1983471074,31.067961165
M0071,35,5.7142857143,9.375
M0092,76,5.2631578947,7.2463768116
M0070,96,5.2083333333,5.8139534884
M0021,59,5.0847457627,9.2592592593
