week_id,category,gmv_eur,share_pct
W36,Electronics,52275.51,34.9
W36,Clothing,30495.62,20.4
W36,Home & Kitchen,26672.19,17.8
W36,Sports,18465.47,12.3
W36,Beauty,11688.19,7.8
W36,Kids,10214.87,6.8
W37,Electronics,52614.13,35
W37,Clothing,32454.08,21.6
W37,Home & Kitchen,27268.16,18.1
W37,Sports,17189.84,11.4
W37,Beauty,10796.31,7.2
W37,Kids,10180.34,6.8
W38,Electronics,110078.61,47.7
W38,Clothing,35904.59,15.5
W38,Home & Kitchen,35049.05,15.2
W38,Sports,23988.74,10.4
W38,Beauty,14497.25,6.3
W38,Kids,11448.94,5
