category,seller_name,gmv_eur,place
Beauty,Velvet,7281.14,1
Beauty,Alpine Herbs,6601.11,2
Beauty,Linden Soapworks,6574.98,3
Beauty,Aroma Shop,6322.76,4
Beauty,Clear Skin,6098.46,5
Beauty,Dew,5663.93,6
Clothing,Linen Shop,18098.53,1
Clothing,Tweed,18061.34,2
Clothing,Urban Form,17809.99,3
Clothing,Basic Wardrobe,17081.58,4
Clothing,Wool & Cotton,16717.11,5
Clothing,North Wind,15985.93,6
Electronics,Contact Electro,43063.25,1
Electronics,Soundpoint,37416.26,2
Electronics,Gadgetory,37275.44,3
Electronics,Signal Plus,36417.21,4
Electronics,Pixel Market,36130.14,5
Electronics,Ampere,31319.03,6
Home & Kitchen,Homestead,16615.95,1
Home & Kitchen,Ceramica Nord,15597.68,2
Home & Kitchen,Cosy Corner,15496.31,3
Home & Kitchen,Garden Street Kitchen,15360.93,4
Home & Kitchen,Loft & Linen,15108.91,5
Home & Kitchen,Warm Home,14927.27,6
Kids,Growing Together,6442.31,1
Kids,Storyteller,5680.14,2
Kids,Young Engineer,5673.2,3
Kids,Tiny Tots,5499.65,4
Kids,Top Teddy,5096.18,5
Kids,Blocks,5057.03,6
Sports,Racket,11638.13,1
Sports,Summit,11274.23,2
Sports,Trail,10574.37,3
Sports,Stride,9901.67,4
Sports,Ski Track,9867.17,5
Sports,Pulse Sport,8916.04,6
