day,gmv_eur,running_gmv_eur
2026-08-31 00:00:00,23284.06,23284.06
2026-09-01 00:00:00,18274.89,41558.95
2026-09-02 00:00:00,22968.55,64527.5
2026-09-03 00:00:00,22504.96,87032.46
2026-09-04 00:00:00,21106.97,108139.43
2026-09-05 00:00:00,25943.49,134082.92
2026-09-06 00:00:00,15728.93,149811.85
2026-09-07 00:00:00,22552.68,172364.53
2026-09-08 00:00:00,20702.74,193067.27
2026-09-09 00:00:00,22930.29,215997.56
2026-09-10 00:00:00,22207.46,238205.02
2026-09-11 00:00:00,21448.59,259653.61
2026-09-12 00:00:00,20800.4,280454.01
2026-09-13 00:00:00,19860.7,300314.71
2026-09-14 00:00:00,30667.83,330982.54
2026-09-15 00:00:00,33736.54,364719.08
2026-09-16 00:00:00,37248.16,401967.24
2026-09-17 00:00:00,30616.86,432584.1
2026-09-18 00:00:00,34409.51,466993.61
2026-09-19 00:00:00,36210.93,503204.54
2026-09-20 00:00:00,28077.35,531281.89
2026-09-21 00:00:00,19194.15,550476.04
2026-09-22 00:00:00,2169.32,552645.36
