category,product_title,units
Beauty,Handmade soap,576
Beauty,Face serum,570
Beauty,Hand cream,532
Clothing,Wool socks,821
Clothing,Basic T-shirt,819
Clothing,Linen scarf,799
Electronics,Webcam,832
Electronics,Fitness band,813
Electronics,Wireless headphones,810
Home & Kitchen,Desk lamp,844
Home & Kitchen,Set of wine glasses,778
Home & Kitchen,Ceramic vase,772
Kids,Plush bear,393
Kids,Building blocks,385
Kids,Wooden train,381
Sports,2 kg dumbbells,447
Sports,Skipping rope,440
Sports,Running backpack,423
